{"accuracy": [0.8899352550506592, 0.9430400729179382, 0.9570666551589966, 0.9649477005004883, 0.9700689911842346], "loss": [0.3568929433822632, 0.17476427555084229, 0.1301978975534439, 0.10490286350250244, 0.09223941713571548], "val_accuracy": [0.9613589644432068, 0.9712041616439819, 0.9751877784729004, 0.9795697927474976, 0.9820737242698669], "val_loss": [0.11637718230485916, 0.08853048831224442, 0.07590048760175705, 0.063501738011837, 0.05535081773996353], "learning_rate": [9.999999747378752e-06, 9.999999747378752e-06, 9.999999747378752e-06, 9.999999747378752e-06, 9.999999747378752e-06]}